level_0,index,Year,Month,Reporter,Trade_Flow,Partner,HS_Code,Commodity,Trade_Value_USD,Category,Sector,Tariff_Rate (%)
0,0,2017,52,USA,Export,China,203,"Meat of swine; fresh, chilled or frozen",237191006,Pork,Agriculture,0.0
1,1,2017,52,USA,Import,China,1001,Wheat and meslin,10386,Wheat,Agriculture,0.0
2,2,2017,52,USA,Export,China,1001,Wheat and meslin,353198006,Wheat,Agriculture,0.0
3,3,2017,52,USA,Import,China,1005,Maize (corn),141188,Maize (Corn),Agriculture,0.0
4,4,2017,52,USA,Export,China,1005,Maize (corn),151883243,Maize (Corn),Agriculture,0.0
5,5,2017,52,USA,Import,China,1007,Grain sorghum,130995,Grain Sorghum,Agriculture,0.0
6,6,2017,52,USA,Export,China,1007,Grain sorghum,839459244,Grain Sorghum,Agriculture,0.0
7,7,2017,52,USA,Import,China,1201,"Soya beans, whether or not broken",9692475,Soybeans,Agriculture,0.0
8,8,2017,52,USA,Export,China,1201,"Soya beans, whether or not broken",12224802399,Soybeans,Agriculture,0.0
9,9,2017,52,USA,Import,China,8471,"Automatic data processing machines and units thereof, magnetic or optical readers, machines for transcribing data onto data media in coded form and machines for processing such data, not elsewhere specified or included",51060671047,Computers & Data Processing,Technology,0.0
10,10,2017,52,USA,Export,China,8471,"Automatic data processing machines and units thereof, magnetic or optical readers, machines for transcribing data onto data media in coded form and machines for processing such data, not elsewhere specified or included",1361155055,Computers & Data Processing,Technology,0.0
11,11,2017,52,USA,Import,China,8517,"Telephone sets, including telephones for cellular networks or for other wireless networks; other apparatus for the transmission or reception of voice, images or other data (including wired/wireless networks), excluding items of 8443, 8525, 8527, or 8528",72680322674,Telecommunication Equipment,Technology,0.0
12,12,2017,52,USA,Export,China,8517,"Telephone sets, including telephones for cellular networks or for other wireless networks; other apparatus for the transmission or reception of voice, images or other data (including wired/wireless networks), excluding items of 8443, 8525, 8527, or 8528",1578669192,Telecommunication Equipment,Technology,0.0
13,13,2017,52,USA,Import,China,8541,"Diodes, transistors, similar semiconductor devices; including photovoltaic cells assembled or not in modules or panels, light-emitting diodes (LED), mounted piezo-electric crystals",2136959789,Semiconductors,Semiconductors,0.0
14,14,2017,52,USA,Export,China,8541,"Diodes, transistors, similar semiconductor devices; including photovoltaic cells assembled or not in modules or panels, light-emitting diodes (LED), mounted piezo-electric crystals",620473294,Semiconductors,Semiconductors,0.0
15,15,2017,52,USA,Import,China,8542,Electronic integrated circuits,2752476698,Integrated Circuits (Semiconductors),Semiconductors,0.0
16,16,2017,52,USA,Export,China,8542,Electronic integrated circuits,5286480239,Integrated Circuits (Semiconductors),Semiconductors,0.0
17,17,2017,52,USA,Import,China,8703,"Motor cars and other motor vehicles; principally designed for the transport of persons (other than those of heading no. 8702), including station wagons and racing cars",1822856110,Passenger Vehicles,Automobile,2.5
18,18,2017,52,USA,Export,China,8703,"Motor cars and other motor vehicles; principally designed for the transport of persons (other than those of heading no. 8702), including station wagons and racing cars",10302144208,Passenger Vehicles,Automobile,2.5
19,19,2018,52,USA,Export,China,203,"Meat of swine; fresh, chilled or frozen",199087693,Pork,Agriculture,25.0
20,20,2018,52,USA,Import,China,1001,Wheat and meslin,23891,Wheat,Agriculture,25.0
21,21,2018,52,USA,Export,China,1001,Wheat and meslin,106195679,Wheat,Agriculture,25.0
22,22,2018,52,USA,Import,China,1005,Maize (corn),651026,Maize (Corn),Agriculture,25.0
23,23,2018,52,USA,Export,China,1005,Maize (corn),59176719,Maize (Corn),Agriculture,25.0
24,24,2018,52,USA,Import,China,1007,Grain sorghum,205418,Grain Sorghum,Agriculture,25.0
25,25,2018,52,USA,Export,China,1007,Grain sorghum,521252410,Grain Sorghum,Agriculture,25.0
26,26,2018,52,USA,Import,China,1201,"Soya beans, whether or not broken",10412177,Soybeans,Agriculture,25.0
27,27,2018,52,USA,Export,China,1201,"Soya beans, whether or not broken",3119336276,Soybeans,Agriculture,25.0
28,28,2018,52,USA,Import,China,8471,"Automatic data processing machines and units thereof, magnetic or optical readers, machines for transcribing data onto data media in coded form and machines for processing such data, not elsewhere specified or included",52434760978,Computers & Data Processing,Technology,25.0
29,29,2018,52,USA,Export,China,8471,"Automatic data processing machines and units thereof, magnetic or optical readers, machines for transcribing data onto data media in coded form and machines for processing such data, not elsewhere specified or included",1323098689,Computers & Data Processing,Technology,25.0
30,30,2018,52,USA,Import,China,8517,"Telephone sets, including telephones for cellular networks or for other wireless networks; other apparatus for the transmission or reception of voice, images or other data (including wired/wireless networks), excluding items of 8443, 8525, 8527, or 8528",72845175449,Telecommunication Equipment,Technology,25.0
31,31,2018,52,USA,Export,China,8517,"Telephone sets, including telephones for cellular networks or for other wireless networks; other apparatus for the transmission or reception of voice, images or other data (including wired/wireless networks), excluding items of 8443, 8525, 8527, or 8528",1065850046,Telecommunication Equipment,Technology,25.0
32,32,2018,52,USA,Import,China,8541,"Diodes, transistors, similar semiconductor devices; including photovoltaic cells assembled or not in modules or panels, light-emitting diodes (LED), mounted piezo-electric crystals",1461718471,Semiconductors,Semiconductors,25.0
33,33,2018,52,USA,Export,China,8541,"Diodes, transistors, similar semiconductor devices; including photovoltaic cells assembled or not in modules or panels, light-emitting diodes (LED), mounted piezo-electric crystals",771227454,Semiconductors,Semiconductors,25.0
34,34,2018,52,USA,Import,China,8542,Electronic integrated circuits,3196152668,Integrated Circuits (Semiconductors),Semiconductors,25.0
35,35,2018,52,USA,Export,China,8542,Electronic integrated circuits,6097065778,Integrated Circuits (Semiconductors),Semiconductors,25.0
36,36,2018,52,USA,Import,China,8703,"Motor cars and other motor vehicles; principally designed for the transport of persons (other than those of heading no. 8702), including station wagons and racing cars",2410965241,Passenger Vehicles,Automobile,2.5
37,37,2018,52,USA,Export,China,8703,"Motor cars and other motor vehicles; principally designed for the transport of persons (other than those of heading no. 8702), including station wagons and racing cars",6665598570,Passenger Vehicles,Automobile,2.5
38,38,2019,52,USA,Export,China,203,"Meat of swine; fresh, chilled or frozen",855627026,Pork,Agriculture,25.0
39,39,2019,52,USA,Import,China,1001,Wheat and meslin,2518,Wheat,Agriculture,25.0
40,40,2019,52,USA,Export,China,1001,Wheat and meslin,55538748,Wheat,Agriculture,25.0
41,41,2019,52,USA,Import,China,1005,Maize (corn),91507,Maize (Corn),Agriculture,25.0
42,42,2019,52,USA,Export,China,1005,Maize (corn),55746109,Maize (Corn),Agriculture,25.0
43,43,2019,52,USA,Import,China,1007,Grain sorghum,56663,Grain Sorghum,Agriculture,25.0
44,44,2019,52,USA,Export,China,1007,Grain sorghum,191278893,Grain Sorghum,Agriculture,25.0
45,45,2019,52,USA,Import,China,1201,"Soya beans, whether or not broken",2656415,Soybeans,Agriculture,25.0
46,46,2019,52,USA,Export,China,1201,"Soya beans, whether or not broken",7988877001,Soybeans,Agriculture,25.0
47,47,2019,52,USA,Import,China,8471,"Automatic data processing machines and units thereof, magnetic or optical readers, machines for transcribing data onto data media in coded form and machines for processing such data, not elsewhere specified or included",45565993861,Computers & Data Processing,Technology,25.0
48,48,2019,52,USA,Export,China,8471,"Automatic data processing machines and units thereof, magnetic or optical readers, machines for transcribing data onto data media in coded form and machines for processing such data, not elsewhere specified or included",1090891125,Computers & Data Processing,Technology,25.0
49,49,2019,52,USA,Import,China,8517,"Telephone sets, including telephones for cellular networks or for other wireless networks; other apparatus for the transmission or reception of voice, images or other data (including wired/wireless networks), excluding items of 8443, 8525, 8527, or 8528",60283285634,Telecommunication Equipment,Technology,25.0
50,50,2019,52,USA,Export,China,8517,"Telephone sets, including telephones for cellular networks or for other wireless networks; other apparatus for the transmission or reception of voice, images or other data (including wired/wireless networks), excluding items of 8443, 8525, 8527, or 8528",920987189,Telecommunication Equipment,Technology,25.0
51,51,2019,52,USA,Import,China,8541,"Diodes, transistors, similar semiconductor devices; including photovoltaic cells assembled or not in modules or panels, light-emitting diodes (LED), mounted piezo-electric crystals",966112944,Semiconductors,Semiconductors,25.0
52,52,2019,52,USA,Export,China,8541,"Diodes, transistors, similar semiconductor devices; including photovoltaic cells assembled or not in modules or panels, light-emitting diodes (LED), mounted piezo-electric crystals",782073007,Semiconductors,Semiconductors,25.0
53,53,2019,52,USA,Import,China,8542,Electronic integrated circuits,1576849627,Integrated Circuits (Semiconductors),Semiconductors,25.0
54,54,2019,52,USA,Export,China,8542,Electronic integrated circuits,8149174035,Integrated Circuits (Semiconductors),Semiconductors,25.0
55,55,2019,52,USA,Import,China,8703,"Motor cars and other motor vehicles; principally designed for the transport of persons (other than those of heading no. 8702), including station wagons and racing cars",1797212882,Passenger Vehicles,Automobile,2.5
56,56,2019,52,USA,Export,China,8703,"Motor cars and other motor vehicles; principally designed for the transport of persons (other than those of heading no. 8702), including station wagons and racing cars",7241881169,Passenger Vehicles,Automobile,2.5
57,57,2020,52,USA,Import,China,203,"Meat of swine; fresh, chilled or frozen",167178,Pork,Agriculture,25.0
58,58,2020,52,USA,Export,China,203,"Meat of swine; fresh, chilled or frozen",1648573996,Pork,Agriculture,25.0
59,59,2020,52,USA,Export,China,1001,Wheat and meslin,569916561,Wheat,Agriculture,25.0
60,60,2020,52,USA,Import,China,1005,Maize (corn),154351,Maize (Corn),Agriculture,25.0
61,61,2020,52,USA,Export,China,1005,Maize (corn),1206361787,Maize (Corn),Agriculture,25.0
62,62,2020,52,USA,Import,China,1007,Grain sorghum,42011,Grain Sorghum,Agriculture,25.0
63,63,2020,52,USA,Export,China,1007,Grain sorghum,1152697017,Grain Sorghum,Agriculture,25.0
64,64,2020,52,USA,Import,China,1201,"Soya beans, whether or not broken",2285790,Soybeans,Agriculture,25.0
65,65,2020,52,USA,Export,China,1201,"Soya beans, whether or not broken",14202646345,Soybeans,Agriculture,25.0
66,66,2020,52,USA,Import,China,8471,"Automatic data processing machines and units thereof, magnetic or optical readers, machines for transcribing data onto data media in coded form and machines for processing such data, not elsewhere specified or included",53799529661,Computers & Data Processing,Technology,25.0
67,67,2020,52,USA,Export,China,8471,"Automatic data processing machines and units thereof, magnetic or optical readers, machines for transcribing data onto data media in coded form and machines for processing such data, not elsewhere specified or included",1099686473,Computers & Data Processing,Technology,25.0
68,68,2020,52,USA,Import,China,8517,"Telephone sets, including telephones for cellular networks or for other wireless networks; other apparatus for the transmission or reception of voice, images or other data (including wired/wireless networks), excluding items of 8443, 8525, 8527, or 8528",53733638032,Telecommunication Equipment,Technology,25.0
69,69,2020,52,USA,Export,China,8517,"Telephone sets, including telephones for cellular networks or for other wireless networks; other apparatus for the transmission or reception of voice, images or other data (including wired/wireless networks), excluding items of 8443, 8525, 8527, or 8528",811893456,Telecommunication Equipment,Technology,25.0
70,70,2020,52,USA,Import,China,8541,"Diodes, transistors, similar semiconductor devices; including photovoltaic cells assembled or not in modules or panels, light-emitting diodes (LED), mounted piezo-electric crystals",1076662785,Semiconductors,Semiconductors,25.0
71,71,2020,52,USA,Export,China,8541,"Diodes, transistors, similar semiconductor devices; including photovoltaic cells assembled or not in modules or panels, light-emitting diodes (LED), mounted piezo-electric crystals",872528143,Semiconductors,Semiconductors,25.0
72,72,2020,52,USA,Import,China,8542,Electronic integrated circuits,1802352660,Integrated Circuits (Semiconductors),Semiconductors,25.0
73,73,2020,52,USA,Export,China,8542,Electronic integrated circuits,10161501336,Integrated Circuits (Semiconductors),Semiconductors,25.0
74,74,2020,52,USA,Import,China,8703,"Motor cars and other motor vehicles; principally designed for the transport of persons (other than those of heading no. 8702), including station wagons and racing cars",1689004306,Passenger Vehicles,Automobile,2.5
75,75,2020,52,USA,Export,China,8703,"Motor cars and other motor vehicles; principally designed for the transport of persons (other than those of heading no. 8702), including station wagons and racing cars",6097534002,Passenger Vehicles,Automobile,2.5
76,76,2021,52,USA,Import,China,203,"Meat of swine; fresh, chilled or frozen",357458,Pork,Agriculture,25.0
77,77,2021,52,USA,Export,China,203,"Meat of swine; fresh, chilled or frozen",890386466,Pork,Agriculture,25.0
78,78,2021,52,USA,Import,China,1001,Wheat and meslin,4682,Wheat,Agriculture,25.0
79,79,2021,52,USA,Export,China,1001,Wheat and meslin,802540456,Wheat,Agriculture,25.0
80,80,2021,52,USA,Import,China,1005,Maize (corn),153544,Maize (Corn),Agriculture,25.0
81,81,2021,52,USA,Export,China,1005,Maize (corn),5099468571,Maize (Corn),Agriculture,25.0
82,82,2021,52,USA,Import,China,1007,Grain sorghum,21865,Grain Sorghum,Agriculture,25.0
83,83,2021,52,USA,Export,China,1007,Grain sorghum,1863426965,Grain Sorghum,Agriculture,25.0
84,84,2021,52,USA,Import,China,1201,"Soya beans, whether or not broken",2777982,Soybeans,Agriculture,25.0
85,85,2021,52,USA,Export,China,1201,"Soya beans, whether or not broken",14102154082,Soybeans,Agriculture,25.0
86,86,2021,52,USA,Import,China,8471,"Automatic data processing machines and units thereof, magnetic or optical readers, machines for transcribing data onto data media in coded form and machines for processing such data, not elsewhere specified or included",62540218713,Computers & Data Processing,Technology,25.0
87,87,2021,52,USA,Export,China,8471,"Automatic data processing machines and units thereof, magnetic or optical readers, machines for transcribing data onto data media in coded form and machines for processing such data, not elsewhere specified or included",1161150579,Computers & Data Processing,Technology,25.0
88,88,2021,52,USA,Import,China,8517,"Telephone sets, including telephones for cellular networks or for other wireless networks; other apparatus for the transmission or reception of voice, images or other data (including wired/wireless networks), excluding items of 8443, 8525, 8527, or 8528",61565832221,Telecommunication Equipment,Technology,25.0
89,89,2021,52,USA,Export,China,8517,"Telephone sets, including telephones for cellular networks or for other wireless networks; other apparatus for the transmission or reception of voice, images or other data (including wired/wireless networks), excluding items of 8443, 8525, 8527, or 8528",881996527,Telecommunication Equipment,Technology,25.0
90,90,2021,52,USA,Import,China,8541,"Diodes, transistors, similar semiconductor devices; including photovoltaic cells assembled or not in modules or panels, light-emitting diodes (LED), mounted piezo-electric crystals",907497579,Semiconductors,Semiconductors,25.0
91,91,2021,52,USA,Export,China,8541,"Diodes, transistors, similar semiconductor devices; including photovoltaic cells assembled or not in modules or panels, light-emitting diodes (LED), mounted piezo-electric crystals",874265596,Semiconductors,Semiconductors,25.0
92,92,2021,52,USA,Import,China,8542,Electronic integrated circuits,2359692512,Integrated Circuits (Semiconductors),Semiconductors,25.0
93,93,2021,52,USA,Export,China,8542,Electronic integrated circuits,12265289590,Integrated Circuits (Semiconductors),Semiconductors,25.0
94,94,2021,52,USA,Import,China,8703,"Motor cars and other motor vehicles; principally designed for the transport of persons (other than those of heading no. 8702), including station wagons and racing cars",2136518233,Passenger Vehicles,Automobile,2.5
95,95,2021,52,USA,Export,China,8703,"Motor cars and other motor vehicles; principally designed for the transport of persons (other than those of heading no. 8702), including station wagons and racing cars",6600661749,Passenger Vehicles,Automobile,2.5
96,96,2022,52,USA,Export,China,203,"Meat of swine; fresh, chilled or frozen",518618132,Pork,Agriculture,25.0
97,97,2022,52,USA,Export,China,1001,Wheat and meslin,395178308,Wheat,Agriculture,25.0
98,98,2022,52,USA,Import,China,1005,Maize (corn),158960,Maize (Corn),Agriculture,25.0
99,99,2022,52,USA,Export,China,1005,Maize (corn),5261607149,Maize (Corn),Agriculture,25.0
100,100,2022,52,USA,Import,China,1007,Grain sorghum,48462,Grain Sorghum,Agriculture,25.0
101,101,2022,52,USA,Export,China,1007,Grain sorghum,1829662677,Grain Sorghum,Agriculture,25.0
102,102,2022,52,USA,Import,China,1201,"Soya beans, whether or not broken",4926175,Soybeans,Agriculture,25.0
103,103,2022,52,USA,Export,China,1201,"Soya beans, whether or not broken",17871585339,Soybeans,Agriculture,25.0
104,104,2022,52,USA,Import,China,8471,"Automatic data processing machines and units thereof, magnetic or optical readers, machines for transcribing data onto data media in coded form and machines for processing such data, not elsewhere specified or included",55773176577,Computers & Data Processing,Technology,25.0
105,105,2022,52,USA,Export,China,8471,"Automatic data processing machines and units thereof, magnetic or optical readers, machines for transcribing data onto data media in coded form and machines for processing such data, not elsewhere specified or included",1102575166,Computers & Data Processing,Technology,25.0
106,106,2022,52,USA,Import,China,8517,"Telephone sets, including smartphones and other telephones for cellular/wireless networks; other apparatus for the transmission or reception of voice, images or other data (including wired/wireless networks), excluding items of 8443, 8525, 8527, or 8528",64403930804,Telecommunication Equipment,Technology,25.0
107,107,2022,52,USA,Export,China,8517,"Telephone sets, including smartphones and other telephones for cellular/wireless networks; other apparatus for the transmission or reception of voice, images or other data (including wired/wireless networks), excluding items of 8443, 8525, 8527, or 8528",769836390,Telecommunication Equipment,Technology,25.0
108,108,2022,52,USA,Import,China,8541,"Semiconductor devices (e.g. diodes, transistors, semiconductor based transducers); including photovoltaic cells assembled or not in modules or panels, light-emitting diodes (LED) assembled with other LEDs or not, mounted piezo-electric crystals",1076531398,Semiconductors,Semiconductors,25.0
109,109,2022,52,USA,Export,China,8541,"Semiconductor devices (e.g. diodes, transistors, semiconductor based transducers); including photovoltaic cells assembled or not in modules or panels, light-emitting diodes (LED) assembled with other LEDs or not, mounted piezo-electric crystals",824668999,Semiconductors,Semiconductors,25.0
110,110,2022,52,USA,Import,China,8542,Electronic integrated circuits,2613136720,Integrated Circuits (Semiconductors),Semiconductors,25.0
111,111,2022,52,USA,Export,China,8542,Electronic integrated circuits,9418091601,Integrated Circuits (Semiconductors),Semiconductors,25.0
112,112,2022,52,USA,Import,China,8703,"Motor cars and other motor vehicles; principally designed for the transport of persons (other than those of heading no. 8702), including station wagons and racing cars",2551571197,Passenger Vehicles,Automobile,2.5
113,113,2022,52,USA,Export,China,8703,"Motor cars and other motor vehicles; principally designed for the transport of persons (other than those of heading no. 8702), including station wagons and racing cars",5470955165,Passenger Vehicles,Automobile,2.5
114,114,2023,52,USA,Export,China,203,"Meat of swine; fresh, chilled or frozen",386499622,Pork,Agriculture,25.0
115,115,2023,52,USA,Export,China,1001,Wheat and meslin,393888140,Wheat,Agriculture,25.0
116,116,2023,52,USA,Import,China,1005,Maize (corn),135887,Maize (Corn),Agriculture,25.0
117,117,2023,52,USA,Export,China,1005,Maize (corn),1656986698,Maize (Corn),Agriculture,25.0
118,118,2023,52,USA,Import,China,1007,Grain sorghum,22047,Grain Sorghum,Agriculture,25.0
119,119,2023,52,USA,Export,China,1007,Grain sorghum,1187325963,Grain Sorghum,Agriculture,25.0
120,120,2023,52,USA,Import,China,1201,"Soya beans, whether or not broken",2490569,Soybeans,Agriculture,25.0
121,121,2023,52,USA,Export,China,1201,"Soya beans, whether or not broken",15163713089,Soybeans,Agriculture,25.0
122,122,2023,52,USA,Import,China,8471,"Automatic data processing machines and units thereof, magnetic or optical readers, machines for transcribing data onto data media in coded form and machines for processing such data, not elsewhere specified or included",39640518148,Computers & Data Processing,Technology,25.0
123,123,2023,52,USA,Export,China,8471,"Automatic data processing machines and units thereof, magnetic or optical readers, machines for transcribing data onto data media in coded form and machines for processing such data, not elsewhere specified or included",1109765579,Computers & Data Processing,Technology,25.0
124,124,2023,52,USA,Import,China,8517,"Telephone sets, including smartphones and other telephones for cellular/wireless networks; other apparatus for the transmission or reception of voice, images or other data (including wired/wireless networks), excluding items of 8443, 8525, 8527, or 8528",55216749072,Telecommunication Equipment,Technology,25.0
125,125,2023,52,USA,Export,China,8517,"Telephone sets, including smartphones and other telephones for cellular/wireless networks; other apparatus for the transmission or reception of voice, images or other data (including wired/wireless networks), excluding items of 8443, 8525, 8527, or 8528",845999786,Telecommunication Equipment,Technology,25.0
126,126,2023,52,USA,Import,China,8541,"Semiconductor devices (e.g. diodes, transistors, semiconductor based transducers); including photovoltaic cells assembled or not in modules or panels, light-emitting diodes (LED) assembled with other LEDs or not, mounted piezo-electric crystals",722919755,Semiconductors,Semiconductors,25.0
127,127,2023,52,USA,Export,China,8541,"Semiconductor devices (e.g. diodes, transistors, semiconductor based transducers); including photovoltaic cells assembled or not in modules or panels, light-emitting diodes (LED) assembled with other LEDs or not, mounted piezo-electric crystals",874537417,Semiconductors,Semiconductors,25.0
128,128,2023,52,USA,Import,China,8542,Electronic integrated circuits,1845664125,Integrated Circuits (Semiconductors),Semiconductors,25.0
129,129,2023,52,USA,Export,China,8542,Electronic integrated circuits,5134039304,Integrated Circuits (Semiconductors),Semiconductors,25.0
130,130,2023,52,USA,Import,China,8703,"Motor cars and other motor vehicles; principally designed for the transport of persons (other than those of heading no. 8702), including station wagons and racing cars",2539387622,Passenger Vehicles,Automobile,2.5
131,131,2023,52,USA,Export,China,8703,"Motor cars and other motor vehicles; principally designed for the transport of persons (other than those of heading no. 8702), including station wagons and racing cars",6251028544,Passenger Vehicles,Automobile,2.5
132,132,2024,52,USA,Export,China,203,"Meat of swine; fresh, chilled or frozen",346574803,Pork,Agriculture,25.0
133,133,2024,52,USA,Export,China,1001,Wheat and meslin,559905674,Wheat,Agriculture,25.0
134,134,2024,52,USA,Import,China,1005,Maize (corn),137403,Maize (Corn),Agriculture,25.0
135,135,2024,52,USA,Export,China,1005,Maize (corn),330931777,Maize (Corn),Agriculture,25.0
136,136,2024,52,USA,Import,China,1007,Grain sorghum,27939,Grain Sorghum,Agriculture,25.0
137,137,2024,52,USA,Export,China,1007,Grain sorghum,1260369375,Grain Sorghum,Agriculture,25.0
138,138,2024,52,USA,Import,China,1201,"Soya beans, whether or not broken",2504345,Soybeans,Agriculture,25.0
139,139,2024,52,USA,Export,China,1201,"Soya beans, whether or not broken",12761369923,Soybeans,Agriculture,25.0
140,140,2024,52,USA,Import,China,8471,"Automatic data processing machines and units thereof, magnetic or optical readers, machines for transcribing data onto data media in coded form and machines for processing such data, not elsewhere specified or included",36735827278,Computers & Data Processing,Technology,25.0
141,141,2024,52,USA,Export,China,8471,"Automatic data processing machines and units thereof, magnetic or optical readers, machines for transcribing data onto data media in coded form and machines for processing such data, not elsewhere specified or included",934480946,Computers & Data Processing,Technology,25.0
142,142,2024,52,USA,Import,China,8517,"Telephone sets, including smartphones and other telephones for cellular/wireless networks; other apparatus for the transmission or reception of voice, images or other data (including wired/wireless networks), excluding items of 8443, 8525, 8527, or 8528",51468008622,Telecommunication Equipment,Technology,25.0
143,143,2024,52,USA,Export,China,8517,"Telephone sets, including smartphones and other telephones for cellular/wireless networks; other apparatus for the transmission or reception of voice, images or other data (including wired/wireless networks), excluding items of 8443, 8525, 8527, or 8528",937201110,Telecommunication Equipment,Technology,25.0
144,144,2024,52,USA,Import,China,8541,"Semiconductor devices (e.g. diodes, transistors, semiconductor based transducers); including photovoltaic cells assembled or not in modules or panels, light-emitting diodes (LED) assembled with other LEDs or not, mounted piezo-electric crystals",642443853,Semiconductors,Semiconductors,50.0
145,145,2024,52,USA,Export,China,8541,"Semiconductor devices (e.g. diodes, transistors, semiconductor based transducers); including photovoltaic cells assembled or not in modules or panels, light-emitting diodes (LED) assembled with other LEDs or not, mounted piezo-electric crystals",1061905543,Semiconductors,Semiconductors,50.0
146,146,2024,52,USA,Import,China,8542,Electronic integrated circuits,1473432024,Integrated Circuits (Semiconductors),Semiconductors,50.0
147,147,2024,52,USA,Export,China,8542,Electronic integrated circuits,8716400444,Integrated Circuits (Semiconductors),Semiconductors,50.0
148,148,2024,52,USA,Import,China,8703,"Motor cars and other motor vehicles; principally designed for the transport of persons (other than those of heading no. 8702), including station wagons and racing cars",3820890620,Passenger Vehicles,Automobile,100.0
149,149,2024,52,USA,Export,China,8703,"Motor cars and other motor vehicles; principally designed for the transport of persons (other than those of heading no. 8702), including station wagons and racing cars",4930903179,Passenger Vehicles,Automobile,100.0
150,150,2025,52,USA,Export,China,203,"Meat of swine; fresh, chilled or frozen",247628594,Pork,Agriculture,25.0
151,151,2025,52,USA,Export,China,1001,Wheat and meslin,16063297,Wheat,Agriculture,25.0
152,152,2025,52,USA,Import,China,1005,Maize (corn),170300,Maize (Corn),Agriculture,25.0
153,153,2025,52,USA,Export,China,1005,Maize (corn),3910739,Maize (Corn),Agriculture,25.0
154,154,2025,52,USA,Import,China,1007,Grain sorghum,27919,Grain Sorghum,Agriculture,25.0
155,155,2025,52,USA,Export,China,1007,Grain sorghum,86533865,Grain Sorghum,Agriculture,25.0
156,156,2025,52,USA,Import,China,1201,"Soya beans, whether or not broken",2188354,Soybeans,Agriculture,25.0
157,157,2025,52,USA,Export,China,1201,"Soya beans, whether or not broken",3078630378,Soybeans,Agriculture,25.0
158,158,2025,52,USA,Import,China,8471,"Automatic data processing machines and units thereof, magnetic or optical readers, machines for transcribing data onto data media in coded form and machines for processing such data, not elsewhere specified or included",11010368607,Computers & Data Processing,Technology,25.0
159,159,2025,52,USA,Export,China,8471,"Automatic data processing machines and units thereof, magnetic or optical readers, machines for transcribing data onto data media in coded form and machines for processing such data, not elsewhere specified or included",753457074,Computers & Data Processing,Technology,25.0
160,160,2025,52,USA,Import,China,8517,"Telephone sets, including smartphones and other telephones for cellular/wireless networks; other apparatus for the transmission or reception of voice, images or other data (including wired/wireless networks), excluding items of 8443, 8525, 8527, or 8528",30506258399,Telecommunication Equipment,Technology,25.0
161,161,2025,52,USA,Export,China,8517,"Telephone sets, including smartphones and other telephones for cellular/wireless networks; other apparatus for the transmission or reception of voice, images or other data (including wired/wireless networks), excluding items of 8443, 8525, 8527, or 8528",984996665,Telecommunication Equipment,Technology,25.0
162,162,2025,52,USA,Import,China,8541,"Semiconductor devices (e.g. diodes, transistors, semiconductor based transducers); including photovoltaic cells assembled or not in modules or panels, light-emitting diodes (LED) assembled with other LEDs or not, mounted piezo-electric crystals",492115396,Semiconductors,Semiconductors,50.0
163,163,2025,52,USA,Export,China,8541,"Semiconductor devices (e.g. diodes, transistors, semiconductor based transducers); including photovoltaic cells assembled or not in modules or panels, light-emitting diodes (LED) assembled with other LEDs or not, mounted piezo-electric crystals",783326162,Semiconductors,Semiconductors,50.0
164,164,2025,52,USA,Import,China,8542,Electronic integrated circuits,1294068288,Integrated Circuits (Semiconductors),Semiconductors,50.0
165,165,2025,52,USA,Export,China,8542,Electronic integrated circuits,9962293050,Integrated Circuits (Semiconductors),Semiconductors,50.0
166,166,2025,52,USA,Import,China,8703,"Motor cars and other motor vehicles; principally designed for the transport of persons (other than those of heading no. 8702), including station wagons and racing cars",1796540374,Passenger Vehicles,Automobile,100.0
167,167,2025,52,USA,Export,China,8703,"Motor cars and other motor vehicles; principally designed for the transport of persons (other than those of heading no. 8702), including station wagons and racing cars",2271266199,Passenger Vehicles,Automobile,100.0
168,168,2017,52,USA,Import,China,2709,Petroleum oils and oils obtained from bituminous minerals; crude,31959,Crude Petroleum Oil,Energy,0.0
169,169,2017,52,USA,Export,China,2709,Petroleum oils and oils obtained from bituminous minerals; crude,4378735544,Crude Petroleum Oil,Energy,0.0
170,170,2017,52,USA,Import,China,2711,Petroleum gases and other gaseous hydrocarbons,1522782,Petroleum Gases (LNG/LPG),Energy,0.0
171,171,2017,52,USA,Export,China,2711,Petroleum gases and other gaseous hydrocarbons,2359079106,Petroleum Gases (LNG/LPG),Energy,0.0
172,172,2017,52,USA,Import,China,2805,"Alkali or alkaline-earth metals; rare-earth metals, scandium and yttrium, whether or not intermixed or interalloyed; mercury",33484637,Alkali & Alkaline-Earth Metals,Chemicals,0.0
173,173,2017,52,USA,Export,China,2805,"Alkali or alkaline-earth metals; rare-earth metals, scandium and yttrium, whether or not intermixed or interalloyed; mercury",20549944,Alkali & Alkaline-Earth Metals,Chemicals,0.0
174,174,2017,52,USA,Import,China,2846,"Compounds, inorganic or organic, of rare-earth metals; of yttrium or of scandium or of mixtures of these metals",73820173,Rare-Earth Compounds,Critical Minerals,0.0
175,175,2017,52,USA,Export,China,2846,"Compounds, inorganic or organic, of rare-earth metals; of yttrium or of scandium or of mixtures of these metals",5618423,Rare-Earth Compounds,Critical Minerals,0.0
176,176,2017,52,USA,Import,China,8505,"Electro-magnets; permanent magnets, intended permanent magnets; electro-magnetic, permanent magnet chucks, clamps, similar; electromagnetic couplings, clutches, brakes; electro-magnetic lifting heads",427410053,Electromagnets & Magnetic Devices,Industrial Equipment,0.0
177,177,2017,52,USA,Export,China,8505,"Electro-magnets; permanent magnets, intended permanent magnets; electro-magnetic, permanent magnet chucks, clamps, similar; electromagnetic couplings, clutches, brakes; electro-magnetic lifting heads",31745633,Electromagnets & Magnetic Devices,Industrial Equipment,0.0
178,178,2017,52,USA,Import,China,8507,"Electric accumulators, including separators therefor; whether or not rectangular (including square)",1735230578,Electric Batteries,Energy Storage,0.0
179,179,2017,52,USA,Export,China,8507,"Electric accumulators, including separators therefor; whether or not rectangular (including square)",119129912,Electric Batteries,Energy Storage,0.0
180,180,2017,52,USA,Import,China,8518,"Microphones and their stands; loudspeakers, mounted or not in their enclosures; headphones and earphones, combined or not with a microphone, and sets of a microphone and one or more loudspeakers; audio frequency and electric sound amplifiers and sets",3231026907,Audio Equipment (Speakers & Microphones),Consumer Electronics,0.0
181,181,2017,52,USA,Export,China,8518,"Microphones and their stands; loudspeakers, mounted or not in their enclosures; headphones and earphones, combined or not with a microphone, and sets of a microphone and one or more loudspeakers; audio frequency and electric sound amplifiers and sets",91206010,Audio Equipment (Speakers & Microphones),Consumer Electronics,0.0
182,182,2017,52,USA,Import,China,8528,"Monitors and projectors, not incorporating television reception apparatus; reception apparatus for television, whether or not incorporating radio-broadcast receivers or sound or video recording or reproducing apparatus",11671102912,Monitors & Television Receivers,Electronics,0.0
183,183,2017,52,USA,Export,China,8528,"Monitors and projectors, not incorporating television reception apparatus; reception apparatus for television, whether or not incorporating radio-broadcast receivers or sound or video recording or reproducing apparatus",73874840,Monitors & Television Receivers,Electronics,0.0
184,184,2017,52,USA,Import,China,8708,"Motor vehicles; parts and accessories, of heading no. 8701 to 8705",9929553943,Vehicle Parts & Accessories,Automobile,2.5
185,185,2017,52,USA,Export,China,8708,"Motor vehicles; parts and accessories, of heading no. 8701 to 8705",2330142028,Vehicle Parts & Accessories,Automobile,2.5
186,186,2017,52,USA,Import,China,9018,"Instruments and appliances used in medical, surgical, dental or veterinary sciences, including scintigraphic apparatus, other electro-medical apparatus and sight testing instruments",1656421769,Medical & Surgical Instruments,Healthcare,0.0
187,187,2017,52,USA,Export,China,9018,"Instruments and appliances used in medical, surgical, dental or veterinary sciences, including scintigraphic apparatus, other electro-medical apparatus and sight testing instruments",2443888683,Medical & Surgical Instruments,Healthcare,0.0
188,188,2018,52,USA,Export,China,2709,Petroleum oils and oils obtained from bituminous minerals; crude,5430626753,Crude Petroleum Oil,Energy,0.0
189,189,2018,52,USA,Import,China,2711,Petroleum gases and other gaseous hydrocarbons,1702652,Petroleum Gases (LNG/LPG),Energy,25.0
190,190,2018,52,USA,Export,China,2711,Petroleum gases and other gaseous hydrocarbons,1639483248,Petroleum Gases (LNG/LPG),Energy,25.0
191,191,2018,52,USA,Import,China,2805,"Alkali or alkaline-earth metals; rare-earth metals, scandium and yttrium, whether or not intermixed or interalloyed; mercury",45233862,Alkali & Alkaline-Earth Metals,Chemicals,25.0
192,192,2018,52,USA,Export,China,2805,"Alkali or alkaline-earth metals; rare-earth metals, scandium and yttrium, whether or not intermixed or interalloyed; mercury",39444022,Alkali & Alkaline-Earth Metals,Chemicals,25.0
193,193,2018,52,USA,Import,China,2846,"Compounds, inorganic or organic, of rare-earth metals; of yttrium or of scandium or of mixtures of these metals",87294764,Rare-Earth Compounds,Critical Minerals,25.0
194,194,2018,52,USA,Export,China,2846,"Compounds, inorganic or organic, of rare-earth metals; of yttrium or of scandium or of mixtures of these metals",72796068,Rare-Earth Compounds,Critical Minerals,25.0
195,195,2018,52,USA,Import,China,8505,"Electro-magnets; permanent magnets, intended permanent magnets; electro-magnetic, permanent magnet chucks, clamps, similar; electromagnetic couplings, clutches, brakes; electro-magnetic lifting heads",496023740,Electromagnets & Magnetic Devices,Industrial Equipment,25.0
196,196,2018,52,USA,Export,China,8505,"Electro-magnets; permanent magnets, intended permanent magnets; electro-magnetic, permanent magnet chucks, clamps, similar; electromagnetic couplings, clutches, brakes; electro-magnetic lifting heads",29581816,Electromagnets & Magnetic Devices,Industrial Equipment,25.0
197,197,2018,52,USA,Import,China,8507,"Electric accumulators, including separators therefor; whether or not rectangular (including square)",2244667239,Electric Batteries,Energy Storage,0.0
198,198,2018,52,USA,Export,China,8507,"Electric accumulators, including separators therefor; whether or not rectangular (including square)",145350148,Electric Batteries,Energy Storage,0.0
199,199,2018,52,USA,Import,China,8518,"Microphones and their stands; loudspeakers, mounted or not in their enclosures; headphones and earphones, combined or not with a microphone, and sets of a microphone and one or more loudspeakers; audio frequency and electric sound amplifiers and sets",3595502087,Audio Equipment (Speakers & Microphones),Consumer Electronics,25.0
200,200,2018,52,USA,Export,China,8518,"Microphones and their stands; loudspeakers, mounted or not in their enclosures; headphones and earphones, combined or not with a microphone, and sets of a microphone and one or more loudspeakers; audio frequency and electric sound amplifiers and sets",102967071,Audio Equipment (Speakers & Microphones),Consumer Electronics,25.0
201,201,2018,52,USA,Import,China,8528,"Monitors and projectors, not incorporating television reception apparatus; reception apparatus for television, whether or not incorporating radio-broadcast receivers or sound or video recording or reproducing apparatus",12706981029,Monitors & Television Receivers,Electronics,25.0
202,202,2018,52,USA,Export,China,8528,"Monitors and projectors, not incorporating television reception apparatus; reception apparatus for television, whether or not incorporating radio-broadcast receivers or sound or video recording or reproducing apparatus",75065012,Monitors & Television Receivers,Electronics,25.0
203,203,2018,52,USA,Import,China,8708,"Motor vehicles; parts and accessories, of heading no. 8701 to 8705",11624547825,Vehicle Parts & Accessories,Automobile,25.0
204,204,2018,52,USA,Export,China,8708,"Motor vehicles; parts and accessories, of heading no. 8701 to 8705",2411994755,Vehicle Parts & Accessories,Automobile,25.0
205,205,2018,52,USA,Import,China,9018,"Instruments and appliances used in medical, surgical, dental or veterinary sciences, including scintigraphic apparatus, other electro-medical apparatus and sight testing instruments",1742383524,Medical & Surgical Instruments,Healthcare,25.0
206,206,2018,52,USA,Export,China,9018,"Instruments and appliances used in medical, surgical, dental or veterinary sciences, including scintigraphic apparatus, other electro-medical apparatus and sight testing instruments",2786679691,Medical & Surgical Instruments,Healthcare,25.0
207,207,2019,52,USA,Export,China,2709,Petroleum oils and oils obtained from bituminous minerals; crude,2901414113,Crude Petroleum Oil,Energy,0.0
208,208,2019,52,USA,Import,China,2711,Petroleum gases and other gaseous hydrocarbons,904535,Petroleum Gases (LNG/LPG),Energy,25.0
209,209,2019,52,USA,Export,China,2711,Petroleum gases and other gaseous hydrocarbons,160924308,Petroleum Gases (LNG/LPG),Energy,25.0
210,210,2019,52,USA,Import,China,2805,"Alkali or alkaline-earth metals; rare-earth metals, scandium and yttrium, whether or not intermixed or interalloyed; mercury",31892222,Alkali & Alkaline-Earth Metals,Chemicals,25.0
211,211,2019,52,USA,Export,China,2805,"Alkali or alkaline-earth metals; rare-earth metals, scandium and yttrium, whether or not intermixed or interalloyed; mercury",13440389,Alkali & Alkaline-Earth Metals,Chemicals,25.0
212,212,2019,52,USA,Import,China,2846,"Compounds, inorganic or organic, of rare-earth metals; of yttrium or of scandium or of mixtures of these metals",86284935,Rare-Earth Compounds,Critical Minerals,25.0
213,213,2019,52,USA,Export,China,2846,"Compounds, inorganic or organic, of rare-earth metals; of yttrium or of scandium or of mixtures of these metals",67288680,Rare-Earth Compounds,Critical Minerals,25.0
214,214,2019,52,USA,Import,China,8505,"Electro-magnets; permanent magnets, intended permanent magnets; electro-magnetic, permanent magnet chucks, clamps, similar; electromagnetic couplings, clutches, brakes; electro-magnetic lifting heads",453961219,Electromagnets & Magnetic Devices,Industrial Equipment,25.0
215,215,2019,52,USA,Export,China,8505,"Electro-magnets; permanent magnets, intended permanent magnets; electro-magnetic, permanent magnet chucks, clamps, similar; electromagnetic couplings, clutches, brakes; electro-magnetic lifting heads",24251158,Electromagnets & Magnetic Devices,Industrial Equipment,25.0
216,216,2019,52,USA,Import,China,8507,"Electric accumulators, including separators therefor; whether or not rectangular (including square)",2369037262,Electric Batteries,Energy Storage,0.0
217,217,2019,52,USA,Export,China,8507,"Electric accumulators, including separators therefor; whether or not rectangular (including square)",107519213,Electric Batteries,Energy Storage,0.0
218,218,2019,52,USA,Import,China,8518,"Microphones and their stands; loudspeakers, mounted or not in their enclosures; headphones and earphones, combined or not with a microphone, and sets of a microphone and one or more loudspeakers; audio frequency and electric sound amplifiers and sets",3473244217,Audio Equipment (Speakers & Microphones),Consumer Electronics,25.0
219,219,2019,52,USA,Export,China,8518,"Microphones and their stands; loudspeakers, mounted or not in their enclosures; headphones and earphones, combined or not with a microphone, and sets of a microphone and one or more loudspeakers; audio frequency and electric sound amplifiers and sets",108198141,Audio Equipment (Speakers & Microphones),Consumer Electronics,25.0
220,220,2019,52,USA,Import,China,8528,"Monitors and projectors, not incorporating television reception apparatus; reception apparatus for television, whether or not incorporating radio-broadcast receivers or sound or video recording or reproducing apparatus",11528025541,Monitors & Television Receivers,Electronics,25.0
221,221,2019,52,USA,Export,China,8528,"Monitors and projectors, not incorporating television reception apparatus; reception apparatus for television, whether or not incorporating radio-broadcast receivers or sound or video recording or reproducing apparatus",52768113,Monitors & Television Receivers,Electronics,25.0
222,222,2019,52,USA,Import,China,8708,"Motor vehicles; parts and accessories, of heading no. 8701 to 8705",9592845098,Vehicle Parts & Accessories,Automobile,25.0
223,223,2019,52,USA,Export,China,8708,"Motor vehicles; parts and accessories, of heading no. 8701 to 8705",1538792191,Vehicle Parts & Accessories,Automobile,25.0
224,224,2019,52,USA,Import,China,9018,"Instruments and appliances used in medical, surgical, dental or veterinary sciences, including scintigraphic apparatus, other electro-medical apparatus and sight testing instruments",1756050739,Medical & Surgical Instruments,Healthcare,25.0
225,225,2019,52,USA,Export,China,9018,"Instruments and appliances used in medical, surgical, dental or veterinary sciences, including scintigraphic apparatus, other electro-medical apparatus and sight testing instruments",3229282997,Medical & Surgical Instruments,Healthcare,25.0
226,226,2020,52,USA,Export,China,2709,Petroleum oils and oils obtained from bituminous minerals; crude,6760934244,Crude Petroleum Oil,Energy,0.0
227,227,2020,52,USA,Import,China,2711,Petroleum gases and other gaseous hydrocarbons,1149410,Petroleum Gases (LNG/LPG),Energy,25.0
228,228,2020,52,USA,Export,China,2711,Petroleum gases and other gaseous hydrocarbons,2440929595,Petroleum Gases (LNG/LPG),Energy,25.0
229,229,2020,52,USA,Import,China,2805,"Alkali or alkaline-earth metals; rare-earth metals, scandium and yttrium, whether or not intermixed or interalloyed; mercury",27863210,Alkali & Alkaline-Earth Metals,Chemicals,25.0
230,230,2020,52,USA,Export,China,2805,"Alkali or alkaline-earth metals; rare-earth metals, scandium and yttrium, whether or not intermixed or interalloyed; mercury",6648391,Alkali & Alkaline-Earth Metals,Chemicals,25.0
231,231,2020,52,USA,Import,China,2846,"Compounds, inorganic or organic, of rare-earth metals; of yttrium or of scandium or of mixtures of these metals",45649703,Rare-Earth Compounds,Critical Minerals,25.0
232,232,2020,52,USA,Export,China,2846,"Compounds, inorganic or organic, of rare-earth metals; of yttrium or of scandium or of mixtures of these metals",98931639,Rare-Earth Compounds,Critical Minerals,25.0
233,233,2020,52,USA,Import,China,8505,"Electro-magnets; permanent magnets, intended permanent magnets; electro-magnetic, permanent magnet chucks, clamps, similar; electromagnetic couplings, clutches, brakes; electro-magnetic lifting heads",368406831,Electromagnets & Magnetic Devices,Industrial Equipment,25.0
234,234,2020,52,USA,Export,China,8505,"Electro-magnets; permanent magnets, intended permanent magnets; electro-magnetic, permanent magnet chucks, clamps, similar; electromagnetic couplings, clutches, brakes; electro-magnetic lifting heads",39570400,Electromagnets & Magnetic Devices,Industrial Equipment,25.0
235,235,2020,52,USA,Import,China,8507,"Electric accumulators, including separators therefor; whether or not rectangular (including square)",2591304815,Electric Batteries,Energy Storage,0.0
236,236,2020,52,USA,Export,China,8507,"Electric accumulators, including separators therefor; whether or not rectangular (including square)",275799181,Electric Batteries,Energy Storage,0.0
237,237,2020,52,USA,Import,China,8518,"Microphones and their stands; loudspeakers, mounted or not in their enclosures; headphones and earphones, combined or not with a microphone, and sets of a microphone and one or more loudspeakers; audio frequency and electric sound amplifiers and sets",4168341101,Audio Equipment (Speakers & Microphones),Consumer Electronics,25.0
238,238,2020,52,USA,Export,China,8518,"Microphones and their stands; loudspeakers, mounted or not in their enclosures; headphones and earphones, combined or not with a microphone, and sets of a microphone and one or more loudspeakers; audio frequency and electric sound amplifiers and sets",74914630,Audio Equipment (Speakers & Microphones),Consumer Electronics,25.0
239,239,2020,52,USA,Import,China,8528,"Monitors and projectors, not incorporating television reception apparatus; reception apparatus for television, whether or not incorporating radio-broadcast receivers or sound or video recording or reproducing apparatus",8332610251,Monitors & Television Receivers,Electronics,25.0
240,240,2020,52,USA,Export,China,8528,"Monitors and projectors, not incorporating television reception apparatus; reception apparatus for television, whether or not incorporating radio-broadcast receivers or sound or video recording or reproducing apparatus",27060543,Monitors & Television Receivers,Electronics,25.0
241,241,2020,52,USA,Import,China,8708,"Motor vehicles; parts and accessories, of heading no. 8701 to 8705",8113237421,Vehicle Parts & Accessories,Automobile,25.0
242,242,2020,52,USA,Export,China,8708,"Motor vehicles; parts and accessories, of heading no. 8701 to 8705",1935143893,Vehicle Parts & Accessories,Automobile,25.0
243,243,2020,52,USA,Import,China,9018,"Instruments and appliances used in medical, surgical, dental or veterinary sciences, including scintigraphic apparatus, other electro-medical apparatus and sight testing instruments",2319149452,Medical & Surgical Instruments,Healthcare,25.0
244,244,2020,52,USA,Export,China,9018,"Instruments and appliances used in medical, surgical, dental or veterinary sciences, including scintigraphic apparatus, other electro-medical apparatus and sight testing instruments",3101405246,Medical & Surgical Instruments,Healthcare,25.0
245,245,2021,52,USA,Export,China,2709,Petroleum oils and oils obtained from bituminous minerals; crude,5911305448,Crude Petroleum Oil,Energy,0.0
246,246,2021,52,USA,Import,China,2711,Petroleum gases and other gaseous hydrocarbons,2244538,Petroleum Gases (LNG/LPG),Energy,25.0
247,247,2021,52,USA,Export,China,2711,Petroleum gases and other gaseous hydrocarbons,6161081050,Petroleum Gases (LNG/LPG),Energy,25.0
248,248,2021,52,USA,Import,China,2805,"Alkali or alkaline-earth metals; rare-earth metals, scandium and yttrium, whether or not intermixed or interalloyed; mercury",37209604,Alkali & Alkaline-Earth Metals,Chemicals,25.0
249,249,2021,52,USA,Export,China,2805,"Alkali or alkaline-earth metals; rare-earth metals, scandium and yttrium, whether or not intermixed or interalloyed; mercury",4396777,Alkali & Alkaline-Earth Metals,Chemicals,25.0
250,250,2021,52,USA,Import,China,2846,"Compounds, inorganic or organic, of rare-earth metals; of yttrium or of scandium or of mixtures of these metals",73953303,Rare-Earth Compounds,Critical Minerals,25.0
251,251,2021,52,USA,Export,China,2846,"Compounds, inorganic or organic, of rare-earth metals; of yttrium or of scandium or of mixtures of these metals",279461349,Rare-Earth Compounds,Critical Minerals,25.0
252,252,2021,52,USA,Import,China,8505,"Electro-magnets; permanent magnets, intended permanent magnets; electro-magnetic, permanent magnet chucks, clamps, similar; electromagnetic couplings, clutches, brakes; electro-magnetic lifting heads",559900508,Electromagnets & Magnetic Devices,Industrial Equipment,25.0
253,253,2021,52,USA,Export,China,8505,"Electro-magnets; permanent magnets, intended permanent magnets; electro-magnetic, permanent magnet chucks, clamps, similar; electromagnetic couplings, clutches, brakes; electro-magnetic lifting heads",30710488,Electromagnets & Magnetic Devices,Industrial Equipment,25.0
254,254,2021,52,USA,Import,China,8507,"Electric accumulators, including separators therefor; whether or not rectangular (including square)",5435204580,Electric Batteries,Energy Storage,0.0
255,255,2021,52,USA,Export,China,8507,"Electric accumulators, including separators therefor; whether or not rectangular (including square)",85351711,Electric Batteries,Energy Storage,0.0
256,256,2021,52,USA,Import,China,8518,"Microphones and their stands; loudspeakers, mounted or not in their enclosures; headphones and earphones, combined or not with a microphone, and sets of a microphone and one or more loudspeakers; audio frequency and electric sound amplifiers and sets",5745138105,Audio Equipment (Speakers & Microphones),Consumer Electronics,25.0
257,257,2021,52,USA,Export,China,8518,"Microphones and their stands; loudspeakers, mounted or not in their enclosures; headphones and earphones, combined or not with a microphone, and sets of a microphone and one or more loudspeakers; audio frequency and electric sound amplifiers and sets",97373745,Audio Equipment (Speakers & Microphones),Consumer Electronics,25.0
258,258,2021,52,USA,Import,China,8528,"Monitors and projectors, not incorporating television reception apparatus; reception apparatus for television, whether or not incorporating radio-broadcast receivers or sound or video recording or reproducing apparatus",9641269093,Monitors & Television Receivers,Electronics,25.0
259,259,2021,52,USA,Export,China,8528,"Monitors and projectors, not incorporating television reception apparatus; reception apparatus for television, whether or not incorporating radio-broadcast receivers or sound or video recording or reproducing apparatus",30450181,Monitors & Television Receivers,Electronics,25.0
260,260,2021,52,USA,Import,China,8708,"Motor vehicles; parts and accessories, of heading no. 8701 to 8705",10246837775,Vehicle Parts & Accessories,Automobile,25.0
261,261,2021,52,USA,Export,China,8708,"Motor vehicles; parts and accessories, of heading no. 8701 to 8705",1764340764,Vehicle Parts & Accessories,Automobile,25.0
262,262,2021,52,USA,Import,China,9018,"Instruments and appliances used in medical, surgical, dental or veterinary sciences, including scintigraphic apparatus, other electro-medical apparatus and sight testing instruments",2416000202,Medical & Surgical Instruments,Healthcare,25.0
263,263,2021,52,USA,Export,China,9018,"Instruments and appliances used in medical, surgical, dental or veterinary sciences, including scintigraphic apparatus, other electro-medical apparatus and sight testing instruments",3742151179,Medical & Surgical Instruments,Healthcare,25.0
264,264,2022,52,USA,Export,China,2709,Petroleum oils and oils obtained from bituminous minerals; crude,6971487694,Crude Petroleum Oil,Energy,0.0
265,265,2022,52,USA,Import,China,2711,Petroleum gases and other gaseous hydrocarbons,2865609,Petroleum Gases (LNG/LPG),Energy,25.0
266,266,2022,52,USA,Export,China,2711,Petroleum gases and other gaseous hydrocarbons,3999618926,Petroleum Gases (LNG/LPG),Energy,25.0
267,267,2022,52,USA,Import,China,2805,"Alkali or alkaline-earth metals; rare-earth metals, scandium and yttrium, whether or not intermixed or interalloyed; mercury",69792014,Alkali & Alkaline-Earth Metals,Chemicals,25.0
268,268,2022,52,USA,Export,China,2805,"Alkali or alkaline-earth metals; rare-earth metals, scandium and yttrium, whether or not intermixed or interalloyed; mercury",7797479,Alkali & Alkaline-Earth Metals,Chemicals,25.0
269,269,2022,52,USA,Import,China,2846,"Compounds, inorganic or organic, of rare-earth metals; of yttrium or of scandium or of mixtures of these metals",121694423,Rare-Earth Compounds,Critical Minerals,25.0
270,270,2022,52,USA,Export,China,2846,"Compounds, inorganic or organic, of rare-earth metals; of yttrium or of scandium or of mixtures of these metals",516891786,Rare-Earth Compounds,Critical Minerals,25.0
271,271,2022,52,USA,Import,China,8505,"Electro-magnets; permanent magnets, intended permanent magnets; electro-magnetic, permanent magnet chucks, clamps, similar; electromagnetic couplings, clutches, brakes; electro-magnetic lifting heads",744580464,Electromagnets & Magnetic Devices,Industrial Equipment,25.0
272,272,2022,52,USA,Export,China,8505,"Electro-magnets; permanent magnets, intended permanent magnets; electro-magnetic, permanent magnet chucks, clamps, similar; electromagnetic couplings, clutches, brakes; electro-magnetic lifting heads",40721510,Electromagnets & Magnetic Devices,Industrial Equipment,25.0
273,273,2022,52,USA,Import,China,8507,"Electric accumulators, including separators therefor; whether or not rectangular (including square)",10922096723,Electric Batteries,Energy Storage,0.0
274,274,2022,52,USA,Export,China,8507,"Electric accumulators, including separators therefor; whether or not rectangular (including square)",92092577,Electric Batteries,Energy Storage,0.0
275,275,2022,52,USA,Import,China,8518,"Microphones and their stands; loudspeakers, mounted or not in their enclosures; headphones and earphones, combined or not with a microphone, and sets of a microphone and one or more loudspeakers; audio-frequency and electric sound amplifiers and sets",6258053511,Audio Equipment (Speakers & Microphones),Consumer Electronics,25.0
276,276,2022,52,USA,Export,China,8518,"Microphones and their stands; loudspeakers, mounted or not in their enclosures; headphones and earphones, combined or not with a microphone, and sets of a microphone and one or more loudspeakers; audio-frequency and electric sound amplifiers and sets",94452506,Audio Equipment (Speakers & Microphones),Consumer Electronics,25.0
277,277,2022,52,USA,Import,China,8528,"Monitors and projectors, not incorporating television reception apparatus; reception apparatus for television, whether or not incorporating radio-broadcast receivers or sound or video recording or reproducing apparatus",9584328757,Monitors & Television Receivers,Electronics,25.0
278,278,2022,52,USA,Export,China,8528,"Monitors and projectors, not incorporating television reception apparatus; reception apparatus for television, whether or not incorporating radio-broadcast receivers or sound or video recording or reproducing apparatus",45357125,Monitors & Television Receivers,Electronics,25.0
279,279,2022,52,USA,Import,China,8708,"Motor vehicles; parts and accessories, of heading no. 8701 to 8705",11644238199,Vehicle Parts & Accessories,Automobile,25.0
280,280,2022,52,USA,Export,China,8708,"Motor vehicles; parts and accessories, of heading no. 8701 to 8705",1541483192,Vehicle Parts & Accessories,Automobile,25.0
281,281,2022,52,USA,Import,China,9018,"Instruments and appliances used in medical, surgical, dental or veterinary sciences, including scintigraphic apparatus, other electro-medical apparatus and sight testing instruments",2670596549,Medical & Surgical Instruments,Healthcare,25.0
282,282,2022,52,USA,Export,China,9018,"Instruments and appliances used in medical, surgical, dental or veterinary sciences, including scintigraphic apparatus, other electro-medical apparatus and sight testing instruments",3763374534,Medical & Surgical Instruments,Healthcare,25.0
283,283,2023,52,USA,Export,China,2709,Petroleum oils and oils obtained from bituminous minerals; crude,13107151437,Crude Petroleum Oil,Energy,0.0
284,284,2023,52,USA,Import,China,2711,Petroleum gases and other gaseous hydrocarbons,1276469,Petroleum Gases (LNG/LPG),Energy,25.0
285,285,2023,52,USA,Export,China,2711,Petroleum gases and other gaseous hydrocarbons,4517381818,Petroleum Gases (LNG/LPG),Energy,25.0
286,286,2023,52,USA,Import,China,2805,"Alkali or alkaline-earth metals; rare-earth metals, scandium and yttrium, whether or not intermixed or interalloyed; mercury",69495369,Alkali & Alkaline-Earth Metals,Chemicals,25.0
287,287,2023,52,USA,Export,China,2805,"Alkali or alkaline-earth metals; rare-earth metals, scandium and yttrium, whether or not intermixed or interalloyed; mercury",12125577,Alkali & Alkaline-Earth Metals,Chemicals,25.0
288,288,2023,52,USA,Import,China,2846,"Compounds, inorganic or organic, of rare-earth metals; of yttrium or of scandium or of mixtures of these metals",111168490,Rare-Earth Compounds,Critical Minerals,25.0
289,289,2023,52,USA,Export,China,2846,"Compounds, inorganic or organic, of rare-earth metals; of yttrium or of scandium or of mixtures of these metals",318534259,Rare-Earth Compounds,Critical Minerals,25.0
290,290,2023,52,USA,Import,China,8505,"Electro-magnets; permanent magnets, intended permanent magnets; electro-magnetic, permanent magnet chucks, clamps, similar; electromagnetic couplings, clutches, brakes; electro-magnetic lifting heads",593359632,Electromagnets & Magnetic Devices,Industrial Equipment,25.0
291,291,2023,52,USA,Export,China,8505,"Electro-magnets; permanent magnets, intended permanent magnets; electro-magnetic, permanent magnet chucks, clamps, similar; electromagnetic couplings, clutches, brakes; electro-magnetic lifting heads",68996099,Electromagnets & Magnetic Devices,Industrial Equipment,25.0
292,292,2023,52,USA,Import,China,8507,"Electric accumulators, including separators therefor; whether or not rectangular (including square)",15840738065,Electric Batteries,Energy Storage,0.0
293,293,2023,52,USA,Export,China,8507,"Electric accumulators, including separators therefor; whether or not rectangular (including square)",86411804,Electric Batteries,Energy Storage,0.0
294,294,2023,52,USA,Import,China,8518,"Microphones and their stands; loudspeakers, mounted or not in their enclosures; headphones and earphones, combined or not with a microphone, and sets of a microphone and one or more loudspeakers; audio-frequency and electric sound amplifiers and sets",5361385093,Audio Equipment (Speakers & Microphones),Consumer Electronics,25.0
295,295,2023,52,USA,Export,China,8518,"Microphones and their stands; loudspeakers, mounted or not in their enclosures; headphones and earphones, combined or not with a microphone, and sets of a microphone and one or more loudspeakers; audio-frequency and electric sound amplifiers and sets",88647576,Audio Equipment (Speakers & Microphones),Consumer Electronics,25.0
296,296,2023,52,USA,Import,China,8528,"Monitors and projectors, not incorporating television reception apparatus; reception apparatus for television, whether or not incorporating radio-broadcast receivers or sound or video recording or reproducing apparatus",6807371129,Monitors & Television Receivers,Electronics,25.0
297,297,2023,52,USA,Export,China,8528,"Monitors and projectors, not incorporating television reception apparatus; reception apparatus for television, whether or not incorporating radio-broadcast receivers or sound or video recording or reproducing apparatus",47275317,Monitors & Television Receivers,Electronics,25.0
298,298,2023,52,USA,Import,China,8708,"Motor vehicles; parts and accessories, of heading no. 8701 to 8705",9918736778,Vehicle Parts & Accessories,Automobile,25.0
299,299,2023,52,USA,Export,China,8708,"Motor vehicles; parts and accessories, of heading no. 8701 to 8705",1485303330,Vehicle Parts & Accessories,Automobile,25.0
300,300,2023,52,USA,Import,China,9018,"Instruments and appliances used in medical, surgical, dental or veterinary sciences, including scintigraphic apparatus, other electro-medical apparatus and sight testing instruments",2238235647,Medical & Surgical Instruments,Healthcare,25.0
301,301,2023,52,USA,Export,China,9018,"Instruments and appliances used in medical, surgical, dental or veterinary sciences, including scintigraphic apparatus, other electro-medical apparatus and sight testing instruments",3657246381,Medical & Surgical Instruments,Healthcare,25.0
302,302,2024,52,USA,Export,China,2709,Petroleum oils and oils obtained from bituminous minerals; crude,6159562800,Crude Petroleum Oil,Energy,0.0
303,303,2024,52,USA,Import,China,2711,Petroleum gases and other gaseous hydrocarbons,4823370,Petroleum Gases (LNG/LPG),Energy,25.0
304,304,2024,52,USA,Export,China,2711,Petroleum gases and other gaseous hydrocarbons,6187023522,Petroleum Gases (LNG/LPG),Energy,25.0
305,305,2024,52,USA,Import,China,2805,"Alkali or alkaline-earth metals; rare-earth metals, scandium and yttrium, whether or not intermixed or interalloyed; mercury",52301795,Alkali & Alkaline-Earth Metals,Chemicals,25.0
306,306,2024,52,USA,Export,China,2805,"Alkali or alkaline-earth metals; rare-earth metals, scandium and yttrium, whether or not intermixed or interalloyed; mercury",18889389,Alkali & Alkaline-Earth Metals,Chemicals,25.0
307,307,2024,52,USA,Import,China,2846,"Compounds, inorganic or organic, of rare-earth metals; of yttrium or of scandium or of mixtures of these metals",116100303,Rare-Earth Compounds,Critical Minerals,25.0
308,308,2024,52,USA,Export,China,2846,"Compounds, inorganic or organic, of rare-earth metals; of yttrium or of scandium or of mixtures of these metals",191140826,Rare-Earth Compounds,Critical Minerals,25.0
309,309,2024,52,USA,Import,China,8505,"Electro-magnets; permanent magnets, intended permanent magnets; electro-magnetic, permanent magnet chucks, clamps, similar; electromagnetic couplings, clutches, brakes; electro-magnetic lifting heads",515853637,Electromagnets & Magnetic Devices,Industrial Equipment,25.0
310,310,2024,52,USA,Export,China,8505,"Electro-magnets; permanent magnets, intended permanent magnets; electro-magnetic, permanent magnet chucks, clamps, similar; electromagnetic couplings, clutches, brakes; electro-magnetic lifting heads",68512762,Electromagnets & Magnetic Devices,Industrial Equipment,25.0
311,311,2024,52,USA,Import,China,8507,"Electric accumulators, including separators therefor; whether or not rectangular (including square)",18141057771,Electric Batteries,Energy Storage,25.0
312,312,2024,52,USA,Export,China,8507,"Electric accumulators, including separators therefor; whether or not rectangular (including square)",76048181,Electric Batteries,Energy Storage,25.0
313,313,2024,52,USA,Import,China,8518,"Microphones and their stands; loudspeakers, mounted or not in their enclosures; headphones and earphones, combined or not with a microphone, and sets of a microphone and one or more loudspeakers; audio-frequency and electric sound amplifiers and sets",5541676629,Audio Equipment (Speakers & Microphones),Consumer Electronics,25.0
314,314,2024,52,USA,Export,China,8518,"Microphones and their stands; loudspeakers, mounted or not in their enclosures; headphones and earphones, combined or not with a microphone, and sets of a microphone and one or more loudspeakers; audio-frequency and electric sound amplifiers and sets",103848593,Audio Equipment (Speakers & Microphones),Consumer Electronics,25.0
315,315,2024,52,USA,Import,China,8528,"Monitors and projectors, not incorporating television reception apparatus; reception apparatus for television, whether or not incorporating radio-broadcast receivers or sound or video recording or reproducing apparatus",6995666017,Monitors & Television Receivers,Electronics,25.0
316,316,2024,52,USA,Export,China,8528,"Monitors and projectors, not incorporating television reception apparatus; reception apparatus for television, whether or not incorporating radio-broadcast receivers or sound or video recording or reproducing apparatus",41126201,Monitors & Television Receivers,Electronics,25.0
317,317,2024,52,USA,Import,China,8708,"Motor vehicles; parts and accessories, of heading no. 8701 to 8705",10112546652,Vehicle Parts & Accessories,Automobile,25.0
318,318,2024,52,USA,Export,China,8708,"Motor vehicles; parts and accessories, of heading no. 8701 to 8705",1295749403,Vehicle Parts & Accessories,Automobile,25.0
319,319,2024,52,USA,Import,China,9018,"Instruments and appliances used in medical, surgical, dental or veterinary sciences, including scintigraphic apparatus, other electro-medical apparatus and sight testing instruments",2392111652,Medical & Surgical Instruments,Healthcare,25.0
320,320,2024,52,USA,Export,China,9018,"Instruments and appliances used in medical, surgical, dental or veterinary sciences, including scintigraphic apparatus, other electro-medical apparatus and sight testing instruments",3460390445,Medical & Surgical Instruments,Healthcare,25.0
321,321,2025,52,USA,Import,China,2709,Petroleum oils and oils obtained from bituminous minerals; crude,31920,Crude Petroleum Oil,Energy,0.0
322,322,2025,52,USA,Export,China,2709,Petroleum oils and oils obtained from bituminous minerals; crude,626855615,Crude Petroleum Oil,Energy,0.0
323,323,2025,52,USA,Import,China,2711,Petroleum gases and other gaseous hydrocarbons,2633745,Petroleum Gases (LNG/LPG),Energy,25.0
324,324,2025,52,USA,Export,China,2711,Petroleum gases and other gaseous hydrocarbons,3389916779,Petroleum Gases (LNG/LPG),Energy,25.0
325,325,2025,52,USA,Import,China,2805,"Alkali or alkaline-earth metals; rare-earth metals, scandium and yttrium, whether or not intermixed or interalloyed; mercury",37417514,Alkali & Alkaline-Earth Metals,Chemicals,25.0
326,326,2025,52,USA,Export,China,2805,"Alkali or alkaline-earth metals; rare-earth metals, scandium and yttrium, whether or not intermixed or interalloyed; mercury",4959449,Alkali & Alkaline-Earth Metals,Chemicals,25.0
327,327,2025,52,USA,Import,China,2846,"Compounds, inorganic or organic, of rare-earth metals; of yttrium or of scandium or of mixtures of these metals",109164756,Rare-Earth Compounds,Critical Minerals,25.0
328,328,2025,52,USA,Export,China,2846,"Compounds, inorganic or organic, of rare-earth metals; of yttrium or of scandium or of mixtures of these metals",68467737,Rare-Earth Compounds,Critical Minerals,25.0
329,329,2025,52,USA,Import,China,8505,"Electro-magnets; permanent magnets, intended permanent magnets; electro-magnetic, permanent magnet chucks, clamps, similar; electromagnetic couplings, clutches, brakes; electro-magnetic lifting heads",450711304,Electromagnets & Magnetic Devices,Industrial Equipment,25.0
330,330,2025,52,USA,Export,China,8505,"Electro-magnets; permanent magnets, intended permanent magnets; electro-magnetic, permanent magnet chucks, clamps, similar; electromagnetic couplings, clutches, brakes; electro-magnetic lifting heads",70615141,Electromagnets & Magnetic Devices,Industrial Equipment,25.0
331,331,2025,52,USA,Import,China,8507,"Electric accumulators, including separators therefor; whether or not rectangular (including square)",12975703035,Electric Batteries,Energy Storage,25.0
332,332,2025,52,USA,Export,China,8507,"Electric accumulators, including separators therefor; whether or not rectangular (including square)",57911962,Electric Batteries,Energy Storage,25.0
333,333,2025,52,USA,Import,China,8518,"Microphones and their stands; loudspeakers, mounted or not in their enclosures; headphones and earphones, combined or not with a microphone, and sets of a microphone and one or more loudspeakers; audio-frequency and electric sound amplifiers and sets",2836485800,Audio Equipment (Speakers & Microphones),Consumer Electronics,25.0
334,334,2025,52,USA,Export,China,8518,"Microphones and their stands; loudspeakers, mounted or not in their enclosures; headphones and earphones, combined or not with a microphone, and sets of a microphone and one or more loudspeakers; audio-frequency and electric sound amplifiers and sets",90229790,Audio Equipment (Speakers & Microphones),Consumer Electronics,25.0
335,335,2025,52,USA,Import,China,8528,"Monitors and projectors, not incorporating television reception apparatus; reception apparatus for television, whether or not incorporating radio-broadcast receivers or sound or video recording or reproducing apparatus",3432997789,Monitors & Television Receivers,Electronics,25.0
336,336,2025,52,USA,Export,China,8528,"Monitors and projectors, not incorporating television reception apparatus; reception apparatus for television, whether or not incorporating radio-broadcast receivers or sound or video recording or reproducing apparatus",43029739,Monitors & Television Receivers,Electronics,25.0
337,337,2025,52,USA,Import,China,8708,"Motor vehicles; parts and accessories, of heading no. 8701 to 8705",8806924303,Vehicle Parts & Accessories,Automobile,25.0
338,338,2025,52,USA,Export,China,8708,"Motor vehicles; parts and accessories, of heading no. 8701 to 8705",684421101,Vehicle Parts & Accessories,Automobile,25.0
339,339,2025,52,USA,Import,China,9018,"Instruments and appliances used in medical, surgical, dental or veterinary sciences, including scintigraphic apparatus, other electro-medical apparatus and sight testing instruments",2382148920,Medical & Surgical Instruments,Healthcare,25.0
340,340,2025,52,USA,Export,China,9018,"Instruments and appliances used in medical, surgical, dental or veterinary sciences, including scintigraphic apparatus, other electro-medical apparatus and sight testing instruments",3468876779,Medical & Surgical Instruments,Healthcare,25.0
